Program,Employment_Rate (%),Industry_Placement,Avg_Salary_After_Graduation
Hrmg,85,Human Resources,45000
Bmgt,80,Business Management,55000
Babi,78,Analytics,60000
Bitman,90,Technology,70000
Gcba,70,Consulting,48000
Mtkg,75,Marketing,52000
Bba,82,Finance,58000
Mktg,76,Marketing,50000
Exchange,88,International Trade,62000
Mmgt,80,Management,58000
Bbad,79,Business Administration,57000
